{"cameraMode":{"drawMode":0,"name":"Shaded","section":"Shading Mode"},"sceneLighting":false,"audioPlay":false,"sceneViewState":{"showFog":true,"showMaterialUpdate":false,"showSkybox":true,"showFlares":true,"showImageEffects":true,"showParticleSystems":true},"in2DMode":false,"pivot":{"x":-3.0246341228485109,"y":1.6000001430511475,"z":0.10498286783695221},"rotation":{"x":0.16143472492694856,"y":-0.4618280529975891,"z":0.08589816838502884,"w":0.867925226688385},"size":22.0,"orthographic":true}