{"cameraMode":{"drawMode":0,"name":"Shaded","section":"Shading Mode"},"sceneLighting":false,"audioPlay":false,"sceneViewState":{"showFog":true,"showMaterialUpdate":false,"showSkybox":true,"showFlares":true,"showImageEffects":true,"showParticleSystems":true},"in2DMode":false,"pivot":{"x":5.960464477539063e-8,"y":0.9504181146621704,"z":1.3263580799102784},"rotation":{"x":0.2501930892467499,"y":-0.33677980303764346,"z":0.09331874549388886,"w":0.902925431728363},"size":7.276145935058594,"orthographic":false}